id,first_name,last_name,email,gender,ip_address,city
1,Rahul,Gupta,rgupta0@example.com,Male,163.168.68.132,Delhi
2,Priya,Sharma,psharma1@example.com,Female,97.212.102.79,Mumbai
3,Sanjay,Verma,sverma2@example.com,Male,145.151.178.98,Bengaluru
4,Neha,Yadav,nyadav3@example.com,Female,25.199.143.143,Kolkata
5,Aniket,Patel,apatel4@example.com,Male,10.186.243.144,Chennai
6,Sneha,Chopra,schopra5@example.com,Female,10.151.93.36,Hyderabad
7,Karan,Kumar,kkumar6@example.com,Male,224.169.61.29,Pune
8,Kavita,Sharma,ksharma7@example.com,Female,245.51.154.79,Jaipur
9,Rohit,Verma,rverma8@example.com,Male,124.222.93.57,Ahmedabad
10,Meena,Agarwal,magarwal9@example.com,Female,221.155.106.39,Chandigarh
11,Suresh,Singh,ssingh10@example.com,Male,145.203.98.173,Lucknow
12,Ananya,Mishra,amishra11@example.com,Female,64.36.30.186,Kanpur
13,Rajat,Choudhury,rchoudhury12@example.com,Male,142.182.6.86,Jaipur
14,Simran,Kaur,skaur13@example.com,Female,203.204.69.107,Amritsar
15,Vikram,Sharma,vsharma14@example.com,Male,202.150.229.139,Chandigarh
16,Priyanka,Patel,ppatel15@example.com,Female,29.81.197.109,Ahmedabad
17,Vishal,Mishra,vmishra16@example.com,Male,237.85.98.58,Kolkata
18,Anjali,Gupta,agupta17@example.com,Female,75.20.57.166,Delhi
19,Kunal,Singh,ksingh18@example.com,Male,48.82.184.239,Mumbai
20,Swati,Yadav,syadav19@example.com,Female,209.194.38.175,Bengaluru
21,Alok,Kumar,akumar20@example.com,Male,176.134.222.111,Chennai
22,Nisha,Patel,npatel21@example.com,Female,87.224.43.109,Hyderabad
23,Rajesh,Sharma,rsharma22@example.com,Male,240.133.255.198,Jaipur
24,Sapna,Gupta,sgupta23@example.com,Female,102.236.160.230,Delhi
25,Amit,Verma,averma24@example.com,Male,73.36.0.165,Mumbai
26,Shweta,Choudhury,schoudhury25@example.com,Female,116.69.73.19,Bengaluru
27,Manish,Kumar,mkumar26@example.com,Male,98.171.121.136,Chennai
28,Arti,Sharma,asharma27@example.com,Female,188.201.52.190,Pune
29,Vivek,Verma,vverma28@example.com,Male,131.52.216.81,Hyderabad
30,Pooja,Singh,psingh29@example.com,Female,20.219.12.180,Lucknow
31,Arjun,Mishra,amishra30@example.com,Male,171.177.109.165,Kolkata
32,Neeta,Patel,npatel31@example.com,Female,68.91.169.230,Mumbai
33,Sachin,Sharma,ssharma32@example.com,Male,38.108.66.54,Delhi
34,Asha,Gupta,agupta33@example.com,Female,227.51.230.208,Bengaluru
35,Mukesh,Kumar,mkumar34@example.com,Male,219.50.104.169,Chennai
36,Savita,Yadav,syadav35@example.com,Female,100.123.214.249,Pune
37,Ramesh,Verma,rverma36@example.com,Male,168.21.120.107,Jaipur
38,Geeta,Sharma,gsharma37@example.com,Female,25.54.107.134,Lucknow
39,Kishore,Mishra,kmishra38@example.com,Male,73.131.251.212,Kolkata
40,Rekha,Patel,rpatel39@example.com,Female,95.243.198.82,Chennai
41,Pankaj,Singh,psingh40@example.com,Male,77.104.128.131,Pune
42,Suman,Kumari,skumari41@example.com,Female,203.36.197.182,Hyderabad
43,Harish,Sharma,hsharma42@example.com,Male,215.180.128.26,Delhi
44,Aarti,Yadav,ayadav43@example.com,Female,127.199.12.187,Mumbai
45,Vijay,Verma,vverma44@example.com,Male,249.67.73.59,Bengaluru
46,Kavita,Gupta,kgupta45@example.com,Female,19.83.54.186,Kolkata
47,Deepak,Kumar,dkumar46@example.com,Male,125.238.135.123,Chennai
48,Megha,Patel,mpatel47@example.com,Female,29.176.169.215,Pune
49,Nitin,Singh,nsingh48@example.com,Male,145.155.139.221,Jaipur
50,Shilpa,Sharma,ssharma49@example.com,Female,30.31.251.96,Delhi